stamp_sec,stamp_nanosec,shoulder_joint_position,shoulder_joint_velocity,shoulder_joint_effort,upper_arm_joint_position,upper_arm_joint_velocity,upper_arm_joint_effort,forearm_joint_position,forearm_joint_velocity,forearm_joint_effort,wrist_1_joint_position,wrist_1_joint_velocity,wrist_1_joint_effort,wrist_2_joint_position,wrist_2_joint_velocity,wrist_2_joint_effort,wrist_3_joint_position,wrist_3_joint_velocity,wrist_3_joint_effort
761,17028808,152.4608612060547,,-0.0028013240080326,82.18614196777344,,0.0013138381764292,57.876651763916016,,-0.0032497942447662,63.916507720947266,,0.0006019646534696,-120.79866027832033,,0.0024928718339651,-350.3530578613281,,-0.002229434903711
761,17028808,145.7584991455078,,-0.0017289203824475,86.73485565185547,,0.001888591912575,49.111576080322266,,-0.003633554559201,66.61061096191406,,0.0015920099103823,-114.0474090576172,,0.0021475031971931,-351.2818908691406,,0.0002088804903905
761,17028808,139.66836547851562,,-0.001895464840345,93.42549896240234,,0.0020823671948164,37.42027282714844,,-0.003638552268967,71.21558380126953,,0.0014332331484183,-108.4064483642578,,0.0017556701786816,-352.8744812011719,,-0.0004957704222761
761,17028808,135.1830291748047,,-0.0009474351536482,98.36393737792967,,0.0015408856561407,31.024099349975582,,-0.0022386298514902,72.01211547851562,,0.0011897307122126,-108.75935363769533,,-0.0003454365360084,-354.3394775390625,,-0.0007797474972903
761,17028808,132.1945037841797,,-0.0029554704669862,110.26549530029295,,0.0117710614576935,7.887639045715332,,-0.0228828452527523,95.47604370117188,,0.0232066623866558,-109.32435607910156,,-0.0005585821927525,-346.9263916015625,,0.0073317964561283
761,17028808,132.1945037841797,,0.0,110.26549530029295,,0.0,7.887639045715332,,0.0,95.47604370117188,,0.0,-109.32435607910156,,0.0,-346.9263916015625,,0.0
761,17028808,132.1945037841797,,0.0,110.26549530029295,,0.0,7.887639045715332,,0.0,95.47604370117188,,0.0,-109.32435607910156,,0.0,-346.9263916015625,,0.0
761,17028808,132.1945037841797,,0.0,110.26549530029295,,0.0,7.887639045715332,,0.0,95.47604370117188,,0.0,-109.32435607910156,,0.0,-346.9263916015625,,0.0
761,17028808,132.1945037841797,,0.0,110.26549530029295,,0.0,7.887639045715332,,0.0,95.47604370117188,,0.0,-109.32435607910156,,0.0,-346.9263916015625,,0.0
